Location_ID	Apogee_ID	ID
4217	2M00023036+8524194	1
4548	2M00023179+1521164	1
4590	2M00050265+0116236	1
4120	2M00062867+6955129	1
4590	2M00065234+0151397	1
4590	2M00065508+0154022	1
4217	2M00090703+8427517	1
4287	2M00134329+7346435	1
4119	2M00150792+6559126	1
4217	2M00170781+8551505	1
4250	2M00174625+5856272	1
4119	2M00245632+6731240	1
4250	2M00252677+5819348	0
4120	2M00254729+7011069	1
4250	2M00254914+5845342	0
4243	2M00265252+6359169	1
4120	2M00274757+6956505	1
4256	2M00280680+5558136	1
4250	2M00303743+5943247	0
4119	2M00304380+6752210	1
4256	2M00360002+5519491	1
4243	2M00370544+6247057	1
4286	2M00372323+4950469	0
4250	2M00373811+5912258	1
4476	2M00411929+1718359	1
4217	2M00430905+8407348	1
4476	2M00443313+1734287	1
4476	2M00443463+1719220	1
4476	2M00462111+1758470	1
4476	2M00470197+1751448	1
4217	2M01004285+8624021	1
4217	2M01013134+8424428	1
4217	2M01085752+8445142	1
4217	2M01193634+8435481	1
4217	2M01194897+8532293	1
4318	2M01232188+6220546	0
4477	2M01252951+1737245	1
4318	2M01325477+6205304	1
4217	2M01343480+8456365	1
4425	2M01345988+6651462	1
4217	2M01522822+8459249	1
4472	2M01525005-0353374	1
4472	2M01540092-0306019	1
4217	2M01561714+8458408	1
4472	2M01562189-0223547	1
4472	2M01583450-0349002	1
4416	2M01593686+6533283	1
4472	2M02001017-0307339	1
4478	2M02062664+1438073	1
4416	2M02064174+6556593	1
4309	2M02072992+5427212	1
4309	2M02082405+5454197	1
4478	2M02112068+1356170	1
4478	2M02112973+1359128	1
4478	2M02121177+1334232	1
4271	2M02270767+5924201	1
4271	2M02290160+6124289	1
4271	2M02353225+6048063	1
4479	2M02411197+0727401	1
4479	2M02424580+0735211	1
4479	2M02484723+0719196	1
4479	2M02491256+0815300	1
4205	2M03094422+7941129	1
4205	2M03095534+7933208	0
4551	2M03103688+6312022	1
4428	2M03110855+5251034	1
4551	2M03111284+6312062	1
4480	2M03122509+0021585	0
4480	2M03154293+0158412	1
4205	2M03160395+8020506	1
4311	2M03165675+7131025	0
4205	2M03170249+7945154	1
4480	2M03180004+0135522	0
4480	2M03191111+0043411	1
4480	2M03193359+0100209	1
4205	2M03203189+7918263	1
4471	2M03210718+0928264	1
4480	2M03211751+0007418	1
4554	2M03222918+5134159	1
4471	2M03235246+0710390	0
4471	2M03235380+0806598	1
4205	2M03243919+8032046	1
4587	2M03250916+3126099	1
4471	2M03253827+0734548	0
4311	2M03255900+7003421	1
4471	2M03260135+0816119	1
4471	2M03262324+0827228	1
4471	2M03272650+0900312	1
4471	2M03273158+0721380	0
4587	2M03283692+3117353	0
4587	2M03285425+3037402	1
4587	2M03290575+3116396	0
4587	2M03292204+3124153	1
4587	2M03302598+3102179	1
4205	2M03313107+7924571	0
4144	2M03322813+4728191	1
4205	2M03322956+7835151	1
4144	2M03361242+4651208	1
4144	2M03371290+4634201	1
4205	2M03374380+7906140	1
4205	2M03390336+7926498	1
4144	2M03393700+4531160	1
4259	2M03402639+2405238	1
4586	2M03403429+3200488	0
4259	2M03412688+2401025	0
4259	2M03421090+2405086	1
4586	2M03423215+3229291	1
4259	2M03424022+2359217	0
4259	2M03424238+2330103	0
4586	2M03430679+3148204	1
4259	2M03431306+2439194	0
4586	2M03432438+3238316	0
4259	2M03433710+2338322	1
4259	2M03435284+2517060	0
4259	2M03435386+2528301	0
4586	2M03441122+3208161	0
4586	2M03441143+3219401	0
4586	2M03441776+3204476	1
4259	2M03442467+2451535	1
4586	2M03443259+3208424	0
4586	2M03443482+3211180	1
4586	2M03443569+3204527	0
4259	2M03443777+2255157	0
4586	2M03444173+3212022	1
4586	2M03444495+3213364	1
4586	2M03444508+3214130	1
4586	2M03444770+3219117	1
4586	2M03445561+3209198	1
4586	2M03450783+3102335	1
4259	2M03451698+2515478	1
4259	2M03452118+2343389	0
4586	2M03452214+3202040	0
4259	2M03454440+2413132	1
4259	2M03460958+2242374	1
4259	2M03462538+2409365	0
4259	2M03465360+2417151	0
4259	2M03470376+2336588	1
4259	2M03470474+2522502	0
4259	2M03472578+2508330	1
4259	2M03473478+2248048	1
4259	2M03473935+2427322	0
4152	2M03474790+4803183	1
4259	2M03475286+2259341	1
4259	2M03481526+2342036	1
4586	2M03485329+3132297	1
4596	2M03491294+3813037	0
4152	2M03491989+4915280	1
4259	2M03505403+2309119	1
4259	2M03512664+2504369	1
4152	2M03522636+4916273	1
4152	2M03533894+4857085	1
4205	2M03534224+8002056	1
4152	2M03560117+5003253	1
4205	2M03563567+7857072	1
4151	2M03565396+5256029	1
4205	2M03584558+7841217	1
4151	2M03585279+5155016	1
4205	2M04012018+7942296	1
4151	2M04015510+5336178	1
4151	2M04030722+5150045	1
4151	2M04043545+5153371	1
4556	2M04173043+4406020	1
4556	2M04181465+4443163	1
4153	2M04182393+5423539	1
4153	2M04242736+5458531	1
4325	2M04255496+3602431	0
4325	2M04300665+3520323	1
4325	2M04354999+3615107	1
4320	2M04373881+4650216	1
4121	2M04380659+5839465	0
4325	2M04393682+3553432	1
4257	2M04435712+3901413	1
4597	2M04460281+2832101	1
4257	2M04475318+3844458	1
4257	2M04485954+3749255	1
4555	2M04491848+4954075	1
4121	2M04511439+5747361	1
4257	2M04523015+3925462	1
4121	2M04533610+5803507	1
4272	2M04582234+4150390	0
4272	2M04594994+4041082	1
4560	2M04595013+3638144	1
4555	2M05003852+4942070	1
4277	2M05003989+2109390	0
4272	2M05011111+4006103	0
4272	2M05022965+4142533	1
4122	2M05093315+2444492	1
4122	2M05105162+2513182	1
4122	2M05112994+2358532	1
4122	2M05162317+2312004	1
4122	2M05165888+2507025	0
4122	2M05175081+2458194	1
4145	2M05190968+4415144	1
4122	2M05191931+2341179	1
4562	2M05194502+2905511	1
4122	2M05195099+2443435	1
4145	2M05224865+4246159	1
4562	2M05240556+2947008	1
4155	2M05240837+2711064	1
4592	2M05245445+3821524	1
4155	2M05254800+2740009	1
4145	2M05284223+4359528	1
4155	2M05284986+2645461	1
4321	2M05291630+3549565	1
4321	2M05292628+3555070	1
4155	2M05304951+2532292	1
4155	2M05312674+2759565	1
4155	2M05313079+2526234	1
4593	2M05314675+3220153	1
4155	2M05322647+2633298	1
4612	2M05331624-0613195	1
4611	2M05334558-0500407	1
4559	2M05334627+3958411	1
4611	2M05335652-0428343	0
4611	2M05342386-0515403	1
4613	2M05342626-0646093	1
4612	2M05342767-0537192	1
4611	2M05343087-0425070	1
4612	2M05343903-0455288	1
4611	2M05343976-0524254	1
4611	2M05344239-0512381	0
4289	2M05344507+6223530	1
4611	2M05344692-0535078	0
4155	2M05345094+2720083	1
4611	2M05345143-0513295	1
4611	2M05345220-0440117	1
4611	2M05345302-0448104	0
4611	2M05345359-0526371	0
4611	2M05345563-0601036	1
4611	2M05345597-0531130	0
4611	2M05345656-0552069	0
4611	2M05350085-0509389	0
4612	2M05350138-0615175	1
4611	2M05350326-0449209	1
4612	2M05350450-0523565	0
4612	2M05350463-0509557	0
4611	2M05351113-0536511	1
4612	2M05351121-0517209	1
4611	2M05351123-0541361	0
4612	2M05351149-0526023	0
4612	2M05351162-0516577	0
4612	2M05351214-0531388	1
4612	2M05351236-0543184	1
4613	2M05351580-0646291	1
4613	2M05351798-0604430	1
4611	2M05351983-0515089	0
4611	2M05352262-0514112	0
4611	2M05352323-0443029	0
4611	2M05352813-0523064	1
4611	2M05352860-0455036	1
4611	2M05352989-0512103	1
4613	2M05352992-0644151	1
4611	2M05353154-0540278	1
4612	2M05353295-0512047	1
4611	2M05353645-0421304	1
4611	2M05353907-0508564	0
4611	2M05354077-0509015	0
4612	2M05354107-0449477	0
4611	2M05354276-0511547	0
4612	2M05354311-0424556	1
4613	2M05354337-0622195	1
4612	2M05354463-0450098	1
4611	2M05355408-0528327	1
4611	2M05360185-0517365	1
4612	2M05363704-0504412	1
4593	2M05364077+3156122	1
4613	2M05365233-0706102	0
4614	2M05370100-0735469	1
4593	2M05370453+3112114	1
4614	2M05371161-0723239	1
4326	2M05383316+4556445	1
4614	2M05385149-0801275	0
4326	2M05391675+4539368	1
4564	2M05393994+2448170	1
4564	2M05395208+2231019	1
4615	2M05395953-0832307	1
4615	2M05401358-0828137	0
4615	2M05402047-0911572	1
4615	2M05402054-0756398	0
4326	2M05402330+4617163	1
4615	2M05405530-0813169	1
4615	2M05411524-0752111	1
4615	2M05412451-0856320	1
4615	2M05413037-0912268	1
4615	2M05413338-0759562	1
4431	2M05420795+3849453	1
4615	2M05420800-0812028	1
4564	2M05421216+2224407	1
4615	2M05421766-0803426	0
4615	2M05422393-0809459	0
4615	2M05422459-0805077	1
4615	2M05424242-0848140	1
4615	2M05424913-0820370	1
4615	2M05432464-0813275	1
4327	2M05433509+1217291	1
4431	2M05461892+3821171	1
4154	2M05463489+2738029	1
4566	2M05470607+2125457	1
4599	2M05472048+0223043	1
4599	2M05502340+0420349	1
4561	2M05504191+3525569	1
4566	2M05512611+1933322	1
4290	2M05522211-0404416	1
4156	2M06021800+3209465	1
4156	2M06022375+3101021	0
4156	2M06031578+2952126	1
4156	2M06033949+3135536	1
4258	2M06043447+1406371	0
4156	2M06051239+3006116	1
4258	2M06062902+1349573	1
4156	2M06064279+3129067	1
4418	2M06070703+2418045	0
4418	2M06073901+2416594	1
4418	2M06074468+2426104	0
4418	2M06082178+2446030	1
4418	2M06084439+2411512	1
4418	2M06085946+2418364	0
4418	2M06092708+2413452	1
4418	2M06093334+2355597	1
4418	2M06093800+2423342	0
4418	2M06094745+2423085	0
4418	2M06104948+2423062	1
4149	2M06115599+3325505	1
4571	2M06125177+1140142	1
4565	2M06125378+2343533	1
4573	2M06130913+0640221	1
4601	2M06132183+4057302	1
4565	2M06133561+2433362	1
4123	2M06144376-0118064	1
4595	2M06153889+1942122	1
4604	2M06155451+5532531	1
4601	2M06155982+3958486	1
4149	2M06160851+3259089	1
4123	2M06174372-0139422	1
4123	2M06175702+0006358	1
4604	2M06182810+5621575	1
4123	2M06184995-0042094	1
4149	2M06203704+3406470	1
4273	2M06212323+1701485	1
4149	2M06213904+3231006	1
4273	2M06215296+1455598	1
4604	2M06230177+5606273	0
4567	2M06232739+2123478	1
4567	2M06262967+2054126	1
4146	2M06282903+1810490	1
4158	2M06283961+0024019	0
4266	2M06285336-3229535	1
4158	2M06290113+0103185	0
4158	2M06290446+0050236	0
4158	2M06290694+0058170	1
4146	2M06294483+1642357	1
4605	2M06295087+5118010	1
4266	2M06295728-3210256	1
4158	2M06300433+0118350	1
4158	2M06314851-0033164	1
4411	2M06315630+0454161	0
4146	2M06321763+1700078	0
4605	2M06340628+5038344	1
4146	2M06341963+1812250	0
4411	2M06344417+0553228	1
4411	2M06350057+0428276	1
4605	2M06351099+5023151	1
4411	2M06352350+0512369	1
4278	2M06361902+3308443	1
4323	2M06372176+0949348	1
4572	2M06395957+0956243	0
4572	2M06400851+0944134	0
4572	2M06400961+0941434	0
4572	2M06401930+0948299	0
4572	2M06404179+0949523	0
4572	2M06404837+0948385	0
4572	2M06410360+0930290	1
4572	2M06411336+0938137	1
4157	2M06411465+0150373	1
4572	2M06411484+0932358	1
4572	2M06411792+0929011	1
4572	2M06411928+0938071	1
4572	2M06412304+0943266	1
4572	2M06413207+1001049	1
4605	2M06415479+5004382	0
4157	2M06421342+0159208	1
4292	2M06425155-2355027	1
4617	2M06432872+0010360	1
4617	2M06435849-0100515	1
4157	2M06455815+0359470	1
4328	2M06462557+1837010	0
4157	2M06470468+0136073	1
4602	2M06502133+2755152	1
4157	2M06502260+0249046	0
4574	2M06522785+0715576	1
4569	2M06551190+1746197	0
4581	2M06561894-0835461	1
4606	2M06563892+4319360	1
4569	2M06565845+1606213	1
4607	2M06573841+3600153	1
4159	2M06574218+0433069	1
4574	2M06580937+0829446	1
4607	2M06590925+3545411	0
4324	2M07012946-0308517	1
4159	2M07013062+0505262	1
4576	2M07013743+0049012	0
4159	2M07014968+0316145	1
4583	2M07023378-1157206	1
4159	2M07044375+0440182	1
4576	2M07063543+0219287	1
4576	2M07090093+0203229	1
4221	2M07100180+3831457	1
4608	2M07100305+2955418	1
4253	2M07125169+0710345	1
4253	2M07135377+0712322	1
4578	2M07142035-0258155	1
4608	2M07151462+3144055	0
4603	2M07152278+1409293	1
4253	2M07154275+0621084	1
4580	2M07155738-0456551	1
4608	2M07181434+3038092	1
4603	2M07182600+1429453	1
4253	2M07191806+0556151	1
4608	2M07204065+3026474	1
4609	2M07223915+2410106	0
4582	2M07240918-0854337	1
4609	2M07250686+2435451	1
4609	2M07261441+2237362	1
4609	2M07290870+2315415	1
4609	2M07301103+2342112	1
4610	2M07355627+1643023	1
4147	2M07380093+2138364	1
4147	2M07380481+2016404	0
4147	2M07381910+2251256	1
4147	2M07384370+2142362	0
4147	2M07391834+2206079	0
4530	2M07404906+6607306	1
4222	2M07412047+3711185	1
4291	2M07412162+0910207	1
4531	2M07413927+5305101	1
4291	2M07421515+1045108	1
4147	2M07441014+2205066	1
4529	2M07444028+7946423	1
4531	2M07472538+5247100	1
4291	2M07483499+0906114	1
4531	2M07541885+5200114	1
4530	2M07544833+6544379	0
4531	2M07551518+5355112	1
4532	2M07552365+3928120	1
4532	2M07570825+4108547	1
4294	2M07582829-1621447	1
4532	2M08034828+3936100	1
4103	2M08100405+3220142	1
4103	2M08100655+3127281	1
4103	2M08103416+3152116	1
4103	2M08113137+3101105	1
4103	2M08122061+3106141	1
4295	2M08132215-1246517	1
4103	2M08145824+3212019	1
4103	2M08165864+3202156	1
4103	2M08165939+3207048	0
4103	2M08205322+3237109	0
4534	2M08351992+1408333	1
4162	2M08455211+1157558	0
4267	2M08460130-1509051	1
4162	2M08464223+1205302	1
4162	2M08472585+1225091	1
4162	2M08483429+1225079	0
4162	2M08485051+1134020	0
4162	2M08494940+1045341	1
4267	2M08495593-1455048	1
4162	2M08502698+1148313	1
4162	2M08504952+1217158	1
4162	2M08505923+1146129	0
4162	2M08510576+1143469	1
4162	2M08510723+1153019	0
4162	2M08510890+1148377	1
4162	2M08511292+1234492	1
4162	2M08511628+1144328	0
4162	2M08513553+1139469	1
4162	2M08513724+1146557	1
4162	2M08514742+1147096	0
4162	2M08515309+1140536	1
4162	2M08532217+1241133	1
4162	2M08545897+1225409	1
4535	2M08554987+0430058	1
4206	2M09015439+3734575	1
4206	2M09055055+3707273	1
4206	2M09055310+3732176	0
4206	2M09082791+3757060	1
4450	2M09242664+2848343	1
4450	2M09243292+2823159	1
4536	2M09262347-0750321	0
4450	2M09271860+2812200	0
4223	2M09292132+3718010	1
4211	2M09314691+5618248	1
4223	2M09315645+3714213	1
4211	2M09323415+5610109	1
4223	2M09324916+3612053	1
4536	2M09325236-0624540	1
4223	2M09331383+3624247	1
4223	2M09340530+3715170	1
4223	2M09341623+3626255	1
4211	2M09351317+5603344	0
4223	2M09354790+3553044	1
4223	2M09355228+3726198	1
4223	2M09362676+3602207	1
4223	2M09374874+3655260	1
4211	2M09411146+5649181	0
4223	2M09432473+3713122	0
4213	2M10173682+0251001	1
4213	2M10182615+0111149	1
4213	2M10185607+0136343	0
4224	2M10270797+1555402	1
4224	2M10280514+1735219	1
4505	2M10303884+3426088	1
4506	2M10312072+3030552	0
4505	2M10331367+3409120	1
4506	2M10334761+3018596	1
4506	2M10342382+3007229	0
4505	2M10344330+3437080	1
4506	2M10352118+2907470	1
4505	2M10371964+3358365	0
4443	2M10372490+2442462	1
4508	2M10374847+1958348	1
4505	2M10390134+3454126	1
4538	2M10391336-1104510	1
4538	2M10391985-1216056	0
4538	2M10392169-1142243	1
4538	2M10393900-1157082	1
4443	2M10402343+2510454	1
4538	2M10402800-1112350	1
4538	2M10404116-1043470	0
4442	2M10404812+3811560	0
4508	2M10405526+2043154	0
4505	2M10410238+3443357	1
4508	2M10423925+1944404	1
4538	2M10451300-1028232	1
4538	2M10455179-1126147	0
4508	2M10455837+1904000	1
4442	2M10462233+4014258	1
4448	2M10464238+1626144	1
4504	2M10465216+4523138	1
4448	2M10472988+1726513	1
4504	2M10485117+4501283	0
4504	2M10485725+4355384	1
4236	2M10493780-0043348	1
4504	2M10494672+4444117	0
4448	2M10504432+1633104	0
4448	2M10515485+1556172	1
4236	2M10520326+0032383	1
4504	2M10522627+4312296	1
4448	2M10522769+1701079	1
4236	2M10530479+0025404	0
4236	2M10532693-0120003	0
4236	2M10533980-0121144	0
4504	2M10545522+4344339	1
4236	2M10554328+0041514	1
4236	2M10565088-0056437	0
4503	2M10572646+4818475	1
4444	2M10581378+1127335	1
4236	2M10581530-0121132	0
4444	2M10582329+1054571	0
4236	2M11000241-0052537	0
4444	2M11012916+1215329	1
4503	2M11025039+4740301	1
4503	2M11044917+4840467	1
4444	2M11055266+1120092	1
4228	2M11062325-1257183	1
4239	2M11072525-0700377	1
4228	2M11081296-1205110	1
4503	2M11081979+4751217	1
4239	2M11091358-0457397	1
4228	2M11091798-1211310	0
4503	2M11105136+4816453	1
4503	2M11105352+4908141	1
4510	2M11124702+0757366	1
4510	2M11130300+0612273	0
4539	2M11150635+0013432	1
4510	2M11155997+0713418	0
4510	2M11163317+0634021	0
4510	2M11170928+0744440	0
4539	2M11175983+0023252	1
4539	2M11181429-0026454	1
4539	2M11190707-0031577	0
4441	2M11193321+5209200	1
4510	2M11204359+0639151	1
4441	2M11205368+5123066	1
4539	2M11213676-0041263	1
4510	2M11220188+0721257	1
4441	2M11244798+5317481	1
4441	2M11254661+5217235	1
4441	2M11260825+5112494	1
4441	2M11260994+5335131	1
4441	2M11265242+5141217	1
4511	2M11265882+0317197	1
4511	2M11285264+0302257	1
4441	2M11293132+5232582	1
4441	2M11294703+5146160	1
4441	2M11305946+5206102	0
4511	2M11334886+0440471	1
4214	2M11401093-1433560	1
4488	2M11410110+2717085	1
4488	2M11414560+2538598	1
4214	2M11421199-1442273	1
4124	2M11425912+0102535	1
4124	2M11425943-0041302	0
4124	2M11430929+0053490	1
4124	2M11432965+0116457	1
4488	2M11433820+2719190	1
4214	2M11434104-1450596	1
4124	2M11434920+0103193	1
4488	2M11441188+2633242	1
4124	2M11441821+0122336	1
4124	2M11442717+0132456	1
4124	2M11445086+0038417	1
4433	2M11452952-0207584	1
4487	2M11453072+3411559	1
4502	2M11453792+5600247	1
4487	2M11454524+3330119	1
4488	2M11460972+2717512	1
4124	2M11462363+0117381	1
4124	2M11463394+0055104	0
4229	2M11465887-1056567	1
4124	2M11471217-0027319	1
4433	2M11472318-0124310	1
4433	2M11480250-0216495	1
4433	2M11483866-0031171	1
4124	2M11484441+0033252	0
4487	2M11484981+3446170	1
4124	2M11490786+0057101	1
4489	2M11491536+1935349	1
4445	2M11494199+0143564	1
4488	2M11494431+2713454	1
4502	2M11495002+5448155	1
4229	2M11495375-1113149	1
4502	2M11500055+5613542	0
4502	2M11501253+5613304	1
4487	2M11504147+3339475	1
4445	2M11510221+0018423	1
4445	2M11510555+0140519	1
4502	2M11511579+5359223	1
4487	2M11512163+3514535	0
4489	2M11513353+1853540	1
4487	2M11523523+3524121	1
4229	2M11533208-1232292	0
4229	2M11535609-1045502	1
4487	2M11535946+3325572	1
4502	2M11541150+5505174	1
4502	2M11542519+5554150	1
4487	2M11543950+3453337	1
4487	2M11551441+3345258	1
4502	2M11560245+5550221	1
4449	2M11572921-1701023	1
4489	2M11591133+2008022	1
4502	2M11593775+5603009	1
4226	2M12003710+1528347	1
4148	2M12012313+1818088	1
4148	2M12020154+1901402	1
4449	2M12025569-1638498	0
4512	2M12030268-0035299	1
4512	2M12031353-0021147	1
4226	2M12034709+1756233	1
4512	2M12044955-0130453	1
4226	2M12045611+1728119	1
4148	2M12045991+1857581	1
4226	2M12050166+1613153	0
4148	2M12051317+1934065	1
4512	2M12052500-0151593	1
4148	2M12053950+1942073	1
4512	2M12053971-0116486	0
4226	2M12061947+1532404	1
4512	2M12075671-0039375	1
4148	2M12100260+1743287	1
4148	2M12102643+1907049	1
4148	2M12113920+1834359	1
4490	2M12115853+1425463	1
4490	2M12122483+1434032	1
4490	2M12131474+1359248	1
4490	2M12135899+1405160	1
4490	2M12142977+1433409	1
4486	2M12150155+4023234	1
4490	2M12155496+1405560	1
4501	2M12161770+5712513	1
4490	2M12161809+1343522	1
4501	2M12165618+5725149	1
4125	2M12182666-0050404	1
4216	2M12193796+2634445	0
4216	2M12200367+2603381	1
4490	2M12205133+1306412	0
4490	2M12211862+1326565	1
4486	2M12212493+3957137	1
4216	2M12212720+2542398	1
4216	2M12214070+2707510	1
4216	2M12220108+2539102	1
4125	2M12222116-0046455	1
4125	2M12222236+0003375	1
4216	2M12223062+2700041	1
4216	2M12231692+2712095	0
4501	2M12242413+5648023	1
4216	2M12242998+2609563	0
4501	2M12244588+5721086	1
4125	2M12255229-0025098	1
4216	2M12260339+2710503	1
4216	2M12260547+2644385	1
4216	2M12260848+2439315	1
4125	2M12265042+0034558	1
4216	2M12265069+2531078	0
4501	2M12271225+5655134	1
4125	2M12274221+0002386	1
4513	2M12292198-0210311	1
4216	2M12292447+2534499	1
4218	2M12301597+1358482	1
4501	2M12352005+5617428	1
4126	2M12402673-0806522	1
4126	2M12411002-0641394	1
4126	2M12424846-0845499	1
4126	2M12430256-0629425	1
4446	2M12442021-0343122	1
4126	2M12451156-0850209	1
4126	2M12452870-0754470	1
4126	2M12460965-0819502	1
4491	2M12462044+1251325	1
4126	2M12465101-0643001	1
4126	2M12470336-0818049	1
4491	2M12470641+1301261	1
4126	2M12472119-0828184	0
4491	2M12474268+1128571	1
4126	2M12474320-0712154	1
4126	2M12475524-0850470	1
4485	2M12481033+4213287	1
4485	2M12482973+4244346	1
4126	2M12483655-0739429	1
4126	2M12484669-0815193	1
4491	2M12484990+1106258	1
4485	2M12485052+4134109	1
4446	2M12491211-0221498	1
4126	2M12492571-0721504	1
4126	2M12493129-0812440	1
4491	2M12505092+1324147	1
4127	2M12505991+2724043	1
4127	2M12511548+2740224	1
4127	2M12523586+2634462	1
4491	2M12524061+1125384	1
4127	2M12534669+2644242	0
4127	2M12540635+2600505	1
4127	2M12550629+2619047	1
4127	2M12553506+2703401	1
4440	2M12562647+5736009	0
4127	2M12564885+2655450	1
4440	2M12565202+5743547	1
4485	2M12581321+4049138	1
4514	2M12594578-0238130	0
4485	2M13030323+4232237	1
4210	2M13034024+7256329	1
4440	2M13035326+5740523	1
4514	2M13035780-0321372	1
4514	2M13073948-0351346	1
4514	2M13075183-0224558	1
4128	2M13080617+1753494	1
4128	2M13092211+1736593	1
4128	2M13104194+1756207	1
4128	2M13104833+1646156	1
4219	2M13110139+1540294	1
4219	2M13110667+1255517	1
4492	2M13132785+1314187	1
4492	2M13150119+1319313	1
4128	2M13150392+1744324	0
4492	2M13161778+1359517	1
4128	2M13162447+1801536	0
4128	2M13163564+1752114	1
4128	2M13181700+1709062	1
4210	2M13182749+7114137	1
4492	2M13182786+1412235	1
4210	2M13191174+7325373	1
4492	2M13200910+1403573	1
4492	2M13211833+1431215	1
4515	2M13215567-0242043	1
4484	2M13265741+3915596	1
4210	2M13271945+7224520	1
4515	2M13274348-0224212	1
4484	2M13285979+4011453	1
4434	2M13290259+3822581	1
4434	2M13303129+3702212	1
4484	2M13305368+4014372	0
4484	2M13311537+3918585	1
4500	2M13313276+5606031	1
4434	2M13325589+3638313	1
4484	2M13341084+4030547	1
4434	2M13341473+3751311	1
4500	2M13342673+5507244	1
4484	2M13353236+3754429	1
4500	2M13364900+5533195	1
4484	2M13372608+4013294	1
4481	2M13393861+1856317	1
4215	2M13395041-1625029	0
4481	2M13403523+1741045	1
4481	2M13405102+1804533	1
4481	2M13405664+1809437	1
4160	2M13411185+2825222	1
4160	2M13412722+2643089	1
4215	2M13413548-1723167	1
4160	2M13413724+2656068	0
4160	2M13420834+2639417	1
4160	2M13422257+2821460	0
4215	2M13425757-1609377	1
4481	2M13430480+1929233	1
4481	2M13431373+1852442	1
4481	2M13431527+1910491	1
4481	2M13432268+1807410	0
4160	2M13432809+2839473	0
4481	2M13434891+1844570	1
4447	2M13441375-0027468	0
4160	2M13445977+2851033	1
4481	2M13450151+1848216	1
4160	2M13452283+2845145	0
4160	2M13453401+2750529	1
4447	2M13475543+0027182	1
4447	2M13475810-0038430	0
4233	2M13480922+4303091	1
4160	2M13482097+2710177	1
4160	2M13482808+2839154	0
4481	2M13483079+1750445	1
4160	2M13500676+2741310	1
4160	2M13511848+2813045	1
4233	2M13514152+4434174	1
4482	2M13515405+2502119	1
4483	2M13530934+3331183	1
4483	2M13533481+3411047	1
4483	2M13533986+3153290	1
4516	2M13575301+0152431	1
4483	2M13575625+3250596	1
4516	2M13584399+0317586	1
4483	2M13590371+3307292	1
4516	2M14000499+0057149	1
4483	2M14002167+3317198	1
4482	2M14015624+2600283	1
4161	2M14021715+2748089	1
4482	2M14022819+2549341	1
4499	2M14022994+5421186	1
4161	2M14043486+2728561	1
4161	2M14044305+2723079	1
4161	2M14062398+2913243	1
4161	2M14071487+2951165	0
4161	2M14083075+2934171	1
4161	2M14102934+2853463	1
4499	2M14103850+5449064	1
4517	2M14120965+0508201	0
4528	2M14155692+8603564	1
4203	2M14201208-0615236	1
4203	2M14241630-0519154	1
4203	2M14243367-0655343	0
4203	2M14255047-0546148	1
4203	2M14255594-0502290	0
4439	2M14261159+4951057	1
4203	2M14272053-0454061	1
4439	2M14274439+5034456	1
4436	2M14283000+0917461	1
4439	2M14293977+4957242	1
4439	2M14310791+4913264	1
4436	2M14313488+0746128	1
4439	2M14315172+4935083	1
4436	2M14321531+0840175	1
4436	2M14323940+0814575	1
4439	2M14345481+5013426	1
4439	2M14362498+5115348	1
4436	2M14365377+0822166	1
4436	2M14370236+0928340	1
4439	2M14371475+4957323	1
4493	2M14390153+1320274	1
4439	2M14401962+5018052	1
4493	2M14463311+1306372	1
4493	2M14480341+1356411	0
4498	2M14485476+4438107	1
4493	2M14490955+1242421	1
4494	2M14491537+1615132	1
4498	2M14523756+4712210	1
4494	2M14534360+1713530	1
4494	2M14541230+1653305	1
4220	2M14542303+3122323	1
4498	2M14542451+4517557	1
4494	2M14543922+1658362	1
4497	2M14545496+4108480	1
4220	2M14545500+3040589	1
4497	2M14545587+4119313	0
4494	2M14551294+1816467	1
4497	2M14551346+4128494	1
4231	2M14554424+3758270	1
4494	2M14562809+1648342	1
4231	2M14575213+3723244	1
4494	2M14580457+1618569	1
4231	2M14584025+3831094	1
4494	2M14591760+1735061	1
4231	2M15002128+3645004	1
4495	2M15002686+2655120	1
4497	2M15003255+4141573	1
4220	2M15003943+3157061	1
4437	2M15010425+2107461	1
4220	2M15012258+3159396	1
4220	2M15013342+3043280	1
4497	2M15014005+4012015	1
4220	2M15020578+3133503	0
4437	2M15021575+2319460	1
4495	2M15035350+2718330	1
4497	2M15044912+4238205	1
4495	2M15045184+2620506	1
4496	2M15051974+3206536	1
4437	2M15052739+2039223	1
4437	2M15055682+2216202	1
4437	2M15062484+2149029	1
4438	2M15064153+3604209	1
4438	2M15071160+3603102	0
4438	2M15071609+3625508	1
4495	2M15100112+2729592	1
4438	2M15105106+3626429	1
4496	2M15111198+3028371	1
4201	2M15113997+0053088	0
4201	2M15132396+0035346	0
4201	2M15134594+0102277	1
4207	2M15150864-0146490	0
4201	2M15152634+0016317	1
4201	2M15155384+0116239	1
4201	2M15162090-0008426	0
4201	2M15162793+0004334	1
4201	2M15165655+0211124	0
4207	2M15170557-0232437	1
4201	2M15175431+0206175	1
4201	2M15175931-0008149	1
4207	2M15183842-0008235	1
4201	2M15184833+0134309	0
4201	2M15194317+0202029	1
4201	2M15204340+0017425	1
4451	2M15215877+3727413	1
4232	2M15225888+3644292	1
4451	2M15242209+3703289	1
4451	2M15260845+3556298	1
4234	2M15261158+4227350	1
4232	2M15305467+3738038	0
4528	2M15351155+8724215	1
4528	2M15374380+8532048	1
4528	2M15471548+8655422	1
4452	2M16050185+2833060	1
4528	2M16083324+8714367	1
4208	2M16100693+2338202	0
4208	2M16113909+2501000	1
4208	2M16140085+2322238	0
4209	2M16141610+5238045	1
4209	2M16182642+5057202	0
4200	2M16235214-1244436	0
4528	2M16262568+8531008	1
4200	2M16265798-1420587	1
4200	2M16281238-1410441	1
4200	2M16294590-1305087	1
4200	2M16312957-1311444	1
4200	2M16314223-1417134	1
4200	2M16314366-1356028	0
4200	2M16320426-1151413	0
4200	2M16321683-1312027	0
4200	2M16330315-1359597	1
4105	2M16350398+3622242	0
4105	2M16372341+3734097	1
4105	2M16372969+3716101	0
4105	2M16380165+3551502	1
4521	2M16380443-0117529	1
4105	2M16393588+3516227	1
4105	2M16414160+3727148	0
4204	2M16424598+4816143	1
4105	2M16435115+3729151	1
4105	2M16441929+3737471	0
4105	2M16452121+3555525	1
4204	2M16452742+4814437	0
4105	2M16455990+3535028	1
4105	2M16475736+3715436	1
4105	2M16480538+3703206	1
4372	2M16485169-1945124	0
4204	2M16502981+4839516	1
4372	2M16505098-1957461	1
4522	2M16561862+0938114	0
4361	2M16574471-2037312	1
4459	2M16574838-2202255	0
4522	2M16582628+0939165	1
4522	2M16592955+0942122	1
4528	2M17014552+8632422	0
4454	2M17040597+6007537	1
4337	2M17072426-2340233	0
4337	2M17083330-2313380	1
4337	2M17091191-2333467	1
4202	2M17091308+4253372	0
4337	2M17093857-2301066	0
4453	2M17095788+4825288	1
4337	2M17100741-2307355	1
4202	2M17133587+4431050	0
4202	2M17135983+4203074	1
4453	2M17140575+4907262	1
4359	2M17144370-2449231	1
4202	2M17151471+4427487	1
4202	2M17161393+4157425	0
4202	2M17162049+4356181	0
4453	2M17170666+4948493	1
4368	2M17190649-2745172	1
4202	2M17190899+4425565	0
4453	2M17203237+4738515	0
4202	2M17204248+4205070	1
4202	2M17205917+4200130	0
4335	2M17213547-2555571	0
4335	2M17215643-2519256	1
4335	2M17223165-2519107	1
4523	2M17225565+2210589	1
4335	2M17232392-2532106	1
4524	2M17292110+3510045	1
4455	2M17300861+5440161	1
4387	2M17330338-1722158	1
4387	2M17330874-1715177	1
4352	2M17340500-2808243	1
4345	2M17340963-1903320	0
4527	2M17342717+7435262	1
4362	2M17345651-2048568	1
4352	2M17360668-2710099	1
4352	2M17364991-2728343	1
4348	2M17391651-2259198	1
4348	2M17393731-2324309	1
4525	2M17404570+4821383	1
4524	2M17405163+3610191	1
4330	2M17432525-2945285	0
4364	2M17433972-2522513	1
4330	2M17434549-2819343	1
4330	2M17434854-2914440	1
4330	2M17435152-2938142	1
4330	2M17440354-2934434	1
4330	2M17444729-2913529	1
4330	2M17451716-2905511	1
4330	2M17452279-2859326	0
4330	2M17452683-2848075	1
4330	2M17452908-2904063	1
4330	2M17454774-2857088	1
4330	2M17460119-2822397	1
4330	2M17461849-2833139	0
4330	2M17462383-2838270	0
4330	2M17463002-2841585	0
4330	2M17463059-2832083	0
4330	2M17463493-2821398	1
4330	2M17464805-2823287	0
4330	2M17465244-2829311	0
4330	2M17465660-2834479	0
4330	2M17470159-2849173	0
4330	2M17470207-2850439	0
4354	2M17470661-2704275	1
4330	2M17471052-2827490	0
4330	2M17471240-2838377	1
4330	2M17471459-2848355	0
4525	2M17493504+4804487	1
4526	2M17504077+6131276	1
4354	2M17513384-2727154	0
4365	2M17520031-2308488	1
4365	2M17524601-2324252	1
4386	2M17525173-2826169	1
4386	2M17525474-2834370	1
4386	2M17531813-2816161	1
4104	2M17532090-2514343	1
4104	2M17534010-2532270	1
4527	2M17540118+7438578	1
4351	2M17541157-2904441	1
4104	2M17552511-2517291	1
4527	2M17555510+7451484	0
4377	2M17560094-2046005	1
4104	2M17560902-2553248	1
4336	2M17574253-2400126	0
4363	2M17580952-2723418	1
4343	2M17594139-1935453	1
4363	2M18001201-2631398	1
4355	2M18011118-2227100	1
4378	2M18013570-1755079	1
4332	2M18023443-2952598	1
4332	2M18024917-3039423	1
4355	2M18031787-2149396	1
4332	2M18035235-2955151	1
4332	2M18040030-3004017	1
4378	2M18040248-1805575	1
4332	2M18041201-2954034	1
4366	2M18041435-2455385	1
4329	2M18041688-3115450	1
4388	2M18042203-2917298	1
4332	2M18042236-3004162	1
4332	2M18044289-3033419	1
4332	2M18050502-3028039	1
4370	2M18052444-1520538	1
4332	2M18052881-2936483	1
4370	2M18062466-1554481	1
4366	2M18062539-2508532	1
4370	2M18064622-1528158	1
4366	2M18065593-2449047	1
4332	2M18070104-3018406	1
4366	2M18070105-2519382	1
4332	2M18071479-3032090	1
4332	2M18073869-3015557	1
4329	2M18074119-3040502	1
4329	2M18075069-3116452	1
4283	2M18080646+0244373	1
4349	2M18101778-2726026	1
4356	2M18103554-1811011	1
4393	2M18104783-2824046	1
4349	2M18112613-2706371	1
4341	2M18151791-2137323	1
4393	2M18153119-2848286	1
4344	2M18154015-1212453	1
4344	2M18161098-1223031	1
4341	2M18162884-2138565	1
4339	2M18173497-1611435	1
4339	2M18180315-1604176	1
4107	2M18191402-0016205	1
4357	2M18192203-1411326	1
4374	2M18192344-1851120	1
4357	2M18192899-1452043	1
4107	2M18211956+0104171	0
4357	2M18234612-1501159	1
4340	2M18240205-1357216	1
4281	2M18264494-0724054	1
4244	2M18274351-0109333	0
4358	2M18280206-1217422	1
4244	2M18302301+0002179	1
4244	2M18302377-0002426	1
4244	2M18304009-0113500	0
4244	2M18304683-0054599	0
4244	2M18310323-0119507	1
4244	2M18311341-0051234	0
4244	2M18320510-0057100	0
4244	2M18323758-0204441	1
4244	2M18332753-0105285	1
4244	2M18334516-0015354	1
4244	2M18345584-0036353	1
4280	2M18375852-0738403	0
4350	2M18392371-3006385	1
4106	2M18401190-0445207	1
4240	2M18402040-0226408	1
4457	2M18411589-1016542	1
4240	2M18432561-0206165	1
4381	2M18434377-3006500	0
4409	2M18440688+4240500	1
4240	2M18444227-0320234	1
4240	2M18445290-0227346	1
4381	2M18451301-2952432	1
4381	2M18451472-2949316	1
4240	2M18453580-0240470	1
4240	2M18460678-0337057	1
4106	2M18460972-0532029	1
4240	2M18470667-0226077	1
4381	2M18472524-2949544	1
4279	2M18493219-1028385	1
4240	2M18494734-0159257	1
4409	2M18505237+4340120	0
4331	2M18533407-3033268	1
4409	2M18540206+4301087	1
4383	2M18542367-2911502	1
4331	2M18565583-3025539	1
4247	2M18571262-0328064	1
4247	2M18580407-0331429	1
4247	2M18582457-0538564	1
4312	2M18584871+0513130	1
4247	2M18591261-0332283	1
5002	2M18594944+5005024	1
5002	2M19000347+4958487	1
4247	2M19012187-0339378	1
4247	2M19015467-0326551	1
4247	2M19024620-0328334	1
4401	2M19031812+4453004	1
4406	2M19065925+4843276	1
4405	2M19072789+4716062	1
4251	2M19081153+2839105	1
4406	2M19082022+5010496	1
4254	2M19095894-0602197	0
4407	2M19100840+3918551	1
4405	2M19105867+4550367	1
4254	2M19110130-0708101	1
4404	2M19110844+4406544	1
4251	2M19121634+2757498	0
4254	2M19121869-0714114	1
4405	2M19123630+4603326	0
4254	2M19125035-0554066	1
4404	2M19134154+4251250	1
4254	2M19140349-0550148	1
4251	2M19143280+2654036	1
4254	2M19145623-0532331	0
4262	2M19184759+3824238	1
4465	2M19190235+4145289	0
4465	2M19194614+4028248	1
4262	2M19203184+3830492	1
4262	2M19210116+3820299	1
4262	2M19225746+3824509	1
4262	2M19232622+3838017	1
4262	2M19235494+3834587	1
4400	2M19252895+4726078	1
4400	2M19253651+4900461	1
4245	2M19254764+2554542	1
4262	2M19263432+3748513	1
4313	2M19264903+1645386	1
4245	2M19275246+2717519	1
4589	2M19280887+3908038	1
4464	2M19281219+4204097	1
5005	2M19281567+4708099	1
4245	2M19285825+2710582	1
4589	2M19290115+3715011	1
4464	2M19290250+4042132	1
4589	2M19290694+3732057	1
4464	2M19292405+4223363	1
4245	2M19301378+2708436	1
4400	2M19301580+4932086	1
4464	2M19303146+4210508	1
4245	2M19311717+2513592	1
4262	2M19314340+3736239	1
4245	2M19315229+2503438	1
5005	2M19315472+4739114	1
4464	2M19321788+4216489	1
4464	2M19331065+4102072	1
4464	2M19340827+4119476	1
4464	2M19344565+4140247	1
4263	2M19345659+3845475	1
4464	2M19355185+4250141	1
4263	2M19370628+3846368	1
4464	2M19370697+4126128	1
4263	2M19374558+3822510	1
4263	2M19380295+3927437	1
4263	2M19384474+3923476	0
5004	2M19385987+4939200	1
4263	2M19390532+4027346	1
4399	2M19391260+5005409	1
4399	2M19391342+4932430	1
4463	2M19400881+4351320	1
4263	2M19401839+3957298	1
4241	2M19403250+2421574	1
4263	2M19403367+3835511	0
4263	2M19411125+4039416	1
4263	2M19414825+4010323	1
4402	2M19424010+4753315	1
4241	2M19430973+2357587	1
4263	2M19432862+3908535	1
4542	2M19433790+3225124	1
4263	2M19441242+3923418	1
4263	2M19444445+3915456	1
4263	2M19452193+3908260	1
4241	2M19453503+2357476	0
4241	2M19462596+2508070	1
4263	2M19463571+3919069	1
4466	2M19470993+4146266	1
4463	2M19483366+4304263	1
4261	2M19495840+1910037	1
4462	2M19525474+4432210	1
4304	2M19532695+0342088	1
4462	2M19550924+4459335	1
4248	2M19553456+2151168	0
4402	2M19553499+4722410	1
4248	2M19554261+2158512	1
4248	2M19563982+2118282	0
4462	2M19564877+4458058	1
4248	2M19565189+2310302	1
4462	2M19582581+4523265	1
4248	2M19582637+2158113	1
4462	2M19585518+4432267	1
4462	2M19594944+4547497	1
4248	2M20005240+2039244	1
4248	2M20043916+2124302	0
4314	2M20050301+3025227	1
4276	2M20104613+5610440	1
4255	2M20104822+1939173	1
4394	2M20120936+3753018	0
4255	2M20152355+1929372	1
4255	2M20154959+1933249	1
4394	2M20155532+3652198	0
4255	2M20165391+1939557	1
4394	2M20182721+3742208	1
4394	2M20183918+3749002	0
4276	2M20185247+5613247	1
4394	2M20193378+3811393	0
4394	2M20193466+3807243	0
4394	2M20213874+3726310	0
4252	2M20253756+5314189	0
4252	2M20274837+5242394	1
4284	2M20282710+1714049	1
4284	2M20294351+1657078	1
4252	2M20412308+5321483	1
4246	2M20460966+5125249	0
4297	2M20474087+3343054	1
4246	2M20515117+5207033	1
4246	2M20542922+5207421	1
4246	2M20570745+5207200	1
4246	2M20575896+5203133	1
4246	2M21005978+5103147	1
4242	2M21080433+4811502	1
4242	2M21081720+4900002	1
4242	2M21095434+4844482	1
4242	2M21113411+4753023	1
4242	2M21145434+4725487	1
4242	2M21171711+4905528	1
4242	2M21185951+4843000	0
4249	2M21234344+4419277	1
4230	2M21242815+1233389	1
4230	2M21252692+1120457	0
4230	2M21271569+1209524	1
4230	2M21274229+1235312	0
4230	2M21281796+1110512	1
4230	2M21284073+1141238	1
4230	2M21290865+1143361	1
4230	2M21291331+1119302	1
4230	2M21292196+1337417	1
4230	2M21300291+1227081	1
4230	2M21301276+1141458	1
4230	2M21302403+1132483	1
4230	2M21311247+1136205	1
4260	2M21312711-0037291	0
4230	2M21313924+1307507	1
4249	2M21321014+4553539	1
4260	2M21340016-0103533	1
4249	2M21341391+4522577	1
4249	2M21344119+4554033	1
4230	2M21345151+1206057	1
4102	2M21391140+4126037	1
4102	2M21394731+4249041	1
4102	2M21412860+4152460	1
4102	2M21421037+4201051	1
4102	2M21435294+4345433	0
4102	2M21442066+4211363	1
4102	2M21451241+4225454	1
4102	2M21480963+4126449	1
4275	2M21523747+3853140	1
4473	2M22101026-0158112	1
4302	2M22122110+6208125	0
4473	2M22191464-0124172	1
4270	2M22300528+5902568	1
4270	2M22331751+5759568	1
4474	2M22455859+0615499	1
4474	2M22465745+0610244	1
4475	2M23153523+1228576	1
4422	2M23153792+5532278	1
4264	2M23492308+5657218	0
4264	2M23540849+5600347	1
4548	2M23554035+1555351	1
4217	2M23562709+8500386	1
4548	2M23564129+1445094	1
4264	2M23571885+5659355	1
4548	2M23594193+1501119	1
4412	AP00423455+4132515	0
